<?xml version="1.0" encoding="UTF-8" standalone="yes"?>
<addon id="repository.mrinvisible" name="[B][COLOR yellow]Mr invisible Repo[/COLOR][/B]" version="0.2.3" provider-name="[COLOR cyan]Mr invisible[/COLOR]">
    <requires>
        <import addon="xbmc.addon" version="12.0.0"/>
    </requires>
    <extension point="xbmc.addon.repository" name="Mr Invisible">
            <info compressed="false">https://raw.githubusercontent.com/mr-invisibles/kalja/master/_repo/addons.xml</info>
            <checksum>https://raw.githubusercontent.com/mr-invisibles/kalja/master/_repo/addons.xml.md5</checksum>
            <datadir zip="true">https://raw.githubusercontent.com/mr-invisibles/kalja/master/_repo/</datadir>
            <hashes>false</hashes>
            <dir>
        			<info compressed="false">https://raw.githubusercontent.com/a4k-openproject/repository.openscrapers/master/zips/addons.xml</info>
        			<checksum>https://raw.githubusercontent.com/a4k-openproject/repository.openscrapers/master/zips/addons.xml.md5</checksum>
        			<datadir zip="true">https://raw.githubusercontent.com/a4k-openproject/repository.openscrapers/master/zips/</datadir>
        		</dir>
            <dir>
                <info compressed="false">https://raw.githubusercontent.com/marcelveldt/repository.marcelveldt/master/addons.xml</info>
                <checksum>https://raw.githubusercontent.com/marcelveldt/repository.marcelveldt/master/addons.xml.md5</checksum>
                <datadir zip="true">https://raw.githubusercontent.com/marcelveldt/repository.marcelveldt/master/</datadir>
            </dir>
            <dir>
                <info compressed="false">https://raw.githubusercontent.com/teamuniversal/scrapers/master/_modules4all/zips/addons.xml</info>
                <checksum>https://raw.githubusercontent.com/teamuniversal/scrapers/master/_modules4all/zips/addons.xml.md5</checksum>
                <datadir zip="true">https://raw.githubusercontent.com/teamuniversal/scrapers/master/_modules4all/zips/</datadir>
            </dir>
            <dir>
                <info compressed="false">https://raw.githubusercontent.com/jsergio123/zips/master/addons.xml</info>
                <checksum>https://raw.githubusercontent.com/jsergio123/zips/master/addons.xml.md5</checksum>
                <datadir zip="true">https://raw.githubusercontent.com/jsergio123/zips/master/</datadir>
            </dir>
            <dir>
                <info compressed="false">https://raw.githubusercontent.com/totalrevolution/python-koding/master/zips/addons.xml</info>
                <checksum>https://raw.githubusercontent.com/totalrevolution/python-koding/master/zips/addons.xml.md5</checksum>
                <datadir zip="true">https://raw.githubusercontent.com/totalrevolution/python-koding/master/zips/</datadir>
            </dir>
            <dir>
                <info compressed="false">https://raw.githubusercontent.com/reddit-reaper/Addons/master/addons.xml</info>
    	          <checksum>https://raw.githubusercontent.com/reddit-reaper/Addons/master/addons.xml.md5</checksum>
    	          <datadir zip="true">https://github.com/reddit-reaper/Addons/raw/master/</datadir>
            </dir>
        </extension>
        <extension point="xbmc.addon.metadata">
            <summary>Mr Invisibles inOfficial Repository</summary>
            <description>Mr invisible Nice to have Repos in one place</description>
            <platform>all</platform>
            <genre>movies,usa</genre>
        </extension>
    </addon>
